{
  "project_info": {
    "project_number": "475543691396",
    "firebase_url": "https://smokebot-ocacsj.firebaseio.com",
    "project_id": "smokebot-ocacsj",
    "storage_bucket": "smokebot-ocacsj.appspot.com"
  },
  "client": [
    {
      "client_info": {
        "mobilesdk_app_id": "1:475543691396:android:b6a9f393aaa17ca99522d1",
        "android_client_info": {
          "package_name": "com.example.smokebot"
        }
      },
      "oauth_client": [
        {
          "client_id": "475543691396-6f8h95j5q8lm2lhl2l11cspvo6lhtd26.apps.googleusercontent.com",
          "client_type": 1,
          "android_info": {
            "package_name": "com.example.smokebot",
            "certificate_hash": "ce41f41eef2cfd9decde4a4ab5f78bb8d4fbf43d"
          }
        },
        {
          "client_id": "475543691396-751dgloup01lh8tl160hv5shta2a15fu.apps.googleusercontent.com",
          "client_type": 3
        }
      ],
      "api_key": [
        {
          "current_key": "AIzaSyBe3sUpM-VlcQeRCyO5qJpEZjGsM5PYieI"
        }
      ],
      "services": {
        "appinvite_service": {
          "other_platform_oauth_client": [
            {
              "client_id": "475543691396-751dgloup01lh8tl160hv5shta2a15fu.apps.googleusercontent.com",
              "client_type": 3
            }
          ]
        }
      }
    }
  ],
  "configuration_version": "1"
}